<?xml version="1.0" encoding="utf-8"?>
<ModMetaData>
    <name>Heat of the Desert</name>
    <author>Elindis</author>
    <url></url>
    <packageId>Elindis.HeatOfTheDesert.Plants</packageId>
    <supportedVersions>
        <li>1.4</li>
    </supportedVersions>

    <description>A configurable mod that allows players to make the hot regions of the world more difficult to play in.
	
Version 1.0a: Initial release

Options:

- Plants die in excessive heat
- Max temperature plants can survive in
- Max temperature plants can grow in
- Max optimal temperature for growth

    </description>

    <modDependencies>
	    <li>
		<packageId>brrainz.harmony</packageId>
		<displayName>Harmony</displayName>
		<steamWorkshopUrl>steam://url/CommunityFilePage/2009463077</steamWorkshopUrl>
		<downloadUrl>https://github.com/pardeike/HarmonyRimWorld/releases/latest</downloadUrl>
		</li>
    </modDependencies>
    <modDependenciesByVersion>
    </modDependenciesByVersion>

    <loadAfter>
		<li>brrainz.harmony</li>
    </loadAfter>

    <incompatibleWith>
    </incompatibleWith>
</ModMetaData>